Name,Forward,Reverse
Ttra wnt1,TAGCACACACAGGCAAGATAGTCC,GGAGTAGCAAGTGGAAATGGGG
Ttra wnt1t,AAGTTGAAGGCACGATGGACG,AGCATTCGCACAGACAGTAGCAC
Ttra wnt2,CGAGTGTCAATGGCAGTTTAGGC,TGGAGGTTTTGTTGGGTTAGGAC
Ttra wnt4,ATGAACCTACACAACAACGA,ACAACACCAATGAAATTTACA
Ttra wnt5,TGGATAGGCGTAACAAAGAAGAGG,GATCTAGTCGGCTTCCTCAAACG
Ttra wnt6,ACCTCGTTTCGCATTGATTGAC,CCATCGTTTGAACCAAGCACC 
Ttra wnt7,AATGAAGCAGGAAGGAGGGCAG,GCTGGGCATAAAATGTTGTGACG
Ttra wnt8,ATGAAGTGGGAAGAAGGGCA,GCAGCACCACTGGAATTTACA
Ttra wnt9,CGACTTTCTCAGATGGAATGCGAG,GTGAACGAACCAATCAGGATGC
Ttra wnt10,TACCCAACCGAAGAAGCAGACC,TACTTGATGCGTGACACCAGCG
Ttra wnt11,TGGTTCCCATAAGTAGACAGAGACG,CACAATGCTGCCACAATCAAAG
Ttra wnt16,ATGTGTATTGGTCATGGGGCTC,GCATCGTGTGACAGTTTTCTCAAC
Ttra wntA,AGAGTAGGGAGACGGCATTCATC,TGTTTTCGGCAGTGTGGAGATAC
Ttra fz1/2/7,CGGAAAGGCTGTGAGGAAGT,GCCCAAGCAGCCAAATGAAA
Ttra fz4,AGAGGAGTTTGGTGGCGAGG,AAGAGAAGGAACACAAGATTGGGTC
Ttra fz5/8,CAAGAACTGAGTGAAGCCTATCCC,TGACCCACCAAAGAGATGATGC
Ttra fz9/10,CCAATGTAAATGACAAGGGTAGCG,CAGCCAATAGAAAGACAGTGCCTG
Ttra sfrp1/2/7,CCACTTGTCCACAGTTGTCAGTCG,TTCGCAATCCTTCTTCACCG
Ttra dkk5,CAAGCGATCATTCGGTCAG,CCTTGTGAAAATATGTGGCTTC
Ttra wif,TTCAAAAACAAGGGCTTCTT,TGGTCTCCCAAACATTCACA
Ttra dsh,ATCCACTGCAATGTCATCCA,AGGGGAGCTAATGTATCCCT
Ttra dgo,CAATGGGGATAAGGCCATGC,ATGACCTCATTAGCCCCCTT
Ttra pk,AGCCTTGTATGTCGTGTGGA,AAATGCTTCTGTTGCCATTC
Ttra fmi,ATTCTACAGGTGGTGCTGCT,TGATCTCCGTCAGCATACGG
Ttra stbm,TCTTGTTTCTGGTGTTTGTG,TTGCTATGTCTCCCTGTCGT
Ttra jnk,AAAACGGGAGGTCATTGCAC,GATCCTGGAAAGAGCACATT
